rank_page,word,count_sum,count_mean,rank_page_count,article_count,current_page_count,node_size,first_appear
1,300億機能益生菌,4,4.0,1,1,1,10.0,1
1,A17,5,5.0,1,1,1,10.0,1
1,BB536,4,4.0,1,1,1,10.0,1
1,BRAP,9,9.0,1,1,1,10.0,1
1,Bifidobacterium,4,4.0,2,3,1,15.0,1
1,BioOne,8,8.0,1,1,1,10.0,1
1,CRL1505,6,6.0,1,1,1,10.0,1
1,EFSA,5,5.0,1,1,1,10.0,1
1,Enterococcus,4,4.0,2,2,1,10.0,1
1,HB89,9,9.0,1,1,1,10.0,1
1,HN019,9,9.0,1,1,1,10.0,1
1,K21,10,10.0,1,1,1,10.0,1
1,K47,6,6.0,1,1,1,10.0,1
1,KM97,5,5.0,1,1,1,10.0,1
1,LGG,17,17.0,3,6,1,20.0,1
1,LP,40,40.0,2,2,1,10.0,1
1,LP28,5,5.0,2,2,1,10.0,1
1,LP33,7,7.0,2,2,1,10.0,1
1,Lactobacillus,38,12.666666666666666,7,13,3,18.571428571428573,1
1,NCFM,10,10.0,2,2,1,10.0,1
1,PS128,10,10.0,1,1,1,10.0,1
1,PS23,6,6.0,1,1,1,10.0,1
1,Probiotics,8,8.0,2,2,1,10.0,1
1,lactis,4,4.0,2,2,1,10.0,1
1,paracasei,8,8.0,2,2,1,10.0,1
1,plantarum,8,8.0,2,2,1,10.0,1
1,product,7,7.0,1,1,1,10.0,1
1,rhamnosus,6,6.0,3,3,1,10.0,1
1,不適,8,8.0,2,2,1,10.0,1
1,主菌,6,6.0,1,1,1,10.0,1
1,主菌種,21,10.5,1,2,2,20.0,1
1,乳酸菌,8,8.0,9,11,1,12.222222222222223,1
1,亞硝胺,4,4.0,1,1,1,10.0,1
1,人體,6,6.0,6,7,1,11.666666666666668,1
1,代謝,10,10.0,1,1,1,10.0,1
1,伺機性病原菌,4,4.0,1,1,1,10.0,1
1,依賴,5,5.0,2,2,1,10.0,1
1,便祕,5,5.0,2,2,1,10.0,1
1,保養,11,11.0,1,1,1,10.0,1
1,優酪乳,11,5.5,3,4,2,13.333333333333332,1
1,具備,6,6.0,1,1,1,10.0,1
1,副乾酪乳桿菌,8,4.0,4,5,2,12.5,1
1,劑量,5,5.0,2,2,1,10.0,1
1,功效,103,51.5,2,3,2,15.0,1
1,助消化,13,13.0,1,1,1,10.0,1
1,包埋,7,7.0,1,1,1,10.0,1
1,吃益生菌,41,8.2,5,9,5,18.0,1
1,合適,6,6.0,1,1,1,10.0,1
1,嗜酸乳桿菌,4,4.0,4,4,1,10.0,1
1,壞菌,9,9.0,4,4,1,10.0,1
1,大種,4,4.0,1,1,1,10.0,1
1,好菌,29,9.666666666666666,7,12,3,17.142857142857142,1
1,孕期,9,9.0,1,1,1,10.0,1
1,存活率,4,4.0,1,1,1,10.0,1
1,定殖,10,10.0,5,6,1,12.0,1
1,寡糖,11,5.5,5,7,2,14.0,1
1,實證,5,5.0,2,2,1,10.0,1
1,專利,25,8.333333333333334,6,8,3,13.333333333333332,1
1,專利菌種,10,10.0,1,1,1,10.0,1
1,尿酸,5,5.0,1,1,1,10.0,1
1,差異,12,12.0,1,1,1,10.0,1
1,市售,11,11.0,2,2,1,10.0,1
1,幫助,50,25.0,5,7,2,14.0,1
1,建議,26,13.0,4,5,2,12.5,1
1,微生物,6,6.0,7,9,1,12.857142857142858,1
1,成分,19,19.0,1,1,1,10.0,1
1,技術,7,7.0,2,2,1,10.0,1
1,抗生素,5,5.0,5,5,1,10.0,1
1,挑選,13,13.0,5,6,1,12.0,1
1,排便順暢,5,5.0,1,1,1,10.0,1
1,推薦,60,30.0,2,3,2,15.0,1
1,族群,15,7.5,2,3,2,15.0,1
1,有助,14,14.0,2,2,1,10.0,1
1,有益,7,7.0,2,2,1,10.0,1
1,服用,12,12.0,4,5,1,12.5,1
1,期刊,5,5.0,1,1,1,10.0,1
1,森下仁丹,10,10.0,1,1,1,10.0,1
1,植物乳桿菌,8,8.0,2,2,1,10.0,1
1,機能,25,25.0,1,1,1,10.0,1
1,機能性,5,5.0,1,1,1,10.0,1
1,檢驗,5,5.0,1,1,1,10.0,1
1,比菲德氏菌,5,5.0,4,4,1,10.0,1
1,比較,8,8.0,3,3,1,10.0,1
1,民眾,4,4.0,2,2,1,10.0,1
1,沒效,8,8.0,1,1,1,10.0,1
1,海藻,4,4.0,1,1,1,10.0,1
1,消化道,6,6.0,3,3,1,10.0,1
1,淨美莓,4,4.0,1,1,1,10.0,1
1,添加物,12,12.0,3,3,1,10.0,1
1,減少,4,4.0,3,3,1,10.0,1
1,減肥,4,4.0,2,2,1,10.0,1
1,濃度,7,7.0,1,1,1,10.0,1
1,營養師,16,8.0,2,3,2,15.0,1
1,狀況,9,9.0,2,2,1,10.0,1
1,球菌,7,7.0,6,6,1,10.0,1
1,產品,60,15.0,8,12,4,15.0,1
1,留意,5,5.0,2,2,1,10.0,1
1,異位性皮膚炎,8,8.0,1,1,1,10.0,1
1,發揮,9,9.0,1,1,1,10.0,1
1,發酵,12,12.0,4,5,1,12.5,1
1,益生菌,218,109.0,4,6,2,15.0,1
1,益生菌功效,14,14.0,1,1,1,10.0,1
1,益生菌品牌,5,5.0,1,1,1,10.0,1
1,益生菌好處,6,6.0,1,1,1,10.0,1
1,益生菌推薦,37,9.25,3,7,4,23.333333333333336,1
1,益生質,32,10.666666666666666,7,10,3,14.285714285714286,1
1,益菌,4,4.0,4,5,1,12.5,1
1,研發,5,5.0,1,1,1,10.0,1
1,研究,13,13.0,3,3,1,10.0,1
1,稱為,4,4.0,1,1,1,10.0,1
1,第四代,5,5.0,1,1,1,10.0,1
1,粉劑,8,8.0,1,1,1,10.0,1
1,細菌,4,4.0,6,10,1,16.666666666666668,1
1,維持消化道機能,8,8.0,2,2,1,10.0,1
1,編碼,10,10.0,1,1,1,10.0,1
1,編號,5,5.0,3,4,1,13.333333333333332,1
1,羊奶,5,5.0,1,1,1,10.0,1
1,耐酸,4,4.0,2,2,1,10.0,1
1,耐酸耐鹼,6,6.0,1,1,1,10.0,1
1,胃酸,13,6.5,6,8,2,13.333333333333332,1
1,腸內細菌,5,5.0,1,1,1,10.0,1
1,腸胃,5,5.0,2,2,1,10.0,1
1,腸胃益生菌推薦,5,5.0,1,1,1,10.0,1
1,腸胃道,5,5.0,4,4,1,10.0,1
1,腸道,65,13.0,10,33,5,33.0,1
1,腸道保健,6,6.0,1,1,1,10.0,1
1,腸道益生菌,6,6.0,1,1,1,10.0,1
1,腹瀉,16,16.0,7,8,1,11.428571428571427,1
1,膠原蛋白,5,5.0,1,1,1,10.0,1
1,膳食纖維,14,14.0,5,5,1,10.0,1
1,膽鹽,9,9.0,2,2,1,10.0,1
1,自行,4,4.0,1,1,1,10.0,1
1,菌叢,4,4.0,3,6,1,20.0,1
1,菌數,35,17.5,6,13,2,21.666666666666664,1
1,菌株,77,19.25,9,20,4,22.22222222222222,1
1,菌種,96,19.2,9,26,5,28.88888888888889,1
1,藥品,8,8.0,2,2,1,10.0,1
1,藥師,4,4.0,1,1,1,10.0,1
1,補充,12,12.0,6,9,1,15.0,1
1,複合菌,4,4.0,1,1,1,10.0,1
1,調整,34,11.333333333333334,1,3,3,30.0,1
1,身心,9,9.0,1,1,1,10.0,1
1,輔料,9,9.0,1,1,1,10.0,1
1,輔菌,7,7.0,1,1,1,10.0,1
1,迷思,5,5.0,2,2,1,10.0,1
1,過敏,9,9.0,4,4,1,10.0,1
1,過敏性鼻炎,7,7.0,3,3,1,10.0,1
1,過敏益生菌,4,4.0,1,1,1,10.0,1
1,選擇,12,12.0,2,2,1,10.0,1
1,配方時代,7,7.0,1,1,1,10.0,1
1,酸奶,11,11.0,1,1,1,10.0,1
1,醫學,5,5.0,2,2,1,10.0,1
1,醫師,4,4.0,2,2,1,10.0,1
1,重要性,5,5.0,1,1,1,10.0,1
1,防護力,5,5.0,1,1,1,10.0,1
1,陳代謝,4,4.0,1,1,1,10.0,1
1,雷特氏B菌,10,10.0,1,1,1,10.0,1
1,順暢,13,13.0,1,1,1,10.0,1
1,飲食,7,7.0,3,3,1,10.0,1
1,體內,5,5.0,4,4,1,10.0,1
1,體溫,7,7.0,1,1,1,10.0,1
1,體質,41,10.25,6,10,4,16.666666666666668,1
1,魚油,6,6.0,1,1,1,10.0,1
1,鼠李糖乳桿菌,6,6.0,3,3,1,10.0,1
1,龍根菌,15,15.0,2,2,1,10.0,1
2,BB,9,9.0,1,1,1,10.0,2
2,Bifidobacterium,9,4.5,2,3,2,15.0,1
2,Enterococcus,6,6.0,2,2,1,10.0,1
2,ISAPP,6,6.0,1,1,1,10.0,2
2,LGG,12,6.0,3,6,2,20.0,1
2,Lactobacillus,24,12.0,7,13,2,18.571428571428573,1
2,NCFM,4,4.0,2,2,1,10.0,1
2,Nutr,7,7.0,1,1,1,10.0,2
2,USANA,41,41.0,1,1,1,10.0,2
2,acidophilus,4,4.0,2,2,1,10.0,2
2,gut,6,6.0,2,2,1,10.0,2
2,lactis,4,4.0,2,2,1,10.0,1
2,microbiota,4,4.0,1,1,1,10.0,2
2,rhamnosus,5,5.0,3,3,1,10.0,1
2,sol,29,29.0,1,1,1,10.0,2
2,中醫,7,7.0,1,1,1,10.0,2
2,乳桿菌,4,4.0,2,2,1,10.0,2
2,乳酸菌,29,29.0,9,11,1,12.222222222222223,1
2,人類,5,5.0,2,2,1,10.0,2
2,人體,8,8.0,6,7,1,11.666666666666668,1
2,今日,9,9.0,1,1,1,10.0,2
2,來源,20,10.0,3,4,2,13.333333333333332,2
2,依賴,7,7.0,2,2,1,10.0,1
2,保持,10,10.0,1,1,1,10.0,2
2,優酪乳,6,6.0,3,4,1,13.333333333333332,1
2,充品,4,4.0,1,1,1,10.0,2
2,刷牙,6,6.0,1,1,1,10.0,2
2,副乾酪乳桿菌,4,4.0,4,5,1,12.5,1
2,口臭,4,4.0,1,1,1,10.0,2
2,可溶性,4,4.0,2,2,1,10.0,2
2,吃益生菌,14,14.0,5,9,1,18.0,1
2,嗜酸乳桿菌,5,5.0,4,4,1,10.0,1
2,均衡,5,5.0,1,1,1,10.0,2
2,壓力,5,5.0,2,2,1,10.0,2
2,多元,5,5.0,1,1,1,10.0,2
2,大本山益生菌,5,5.0,1,1,1,10.0,2
2,好菌,20,6.666666666666667,7,12,3,17.142857142857142,1
2,定性,4,4.0,1,1,1,10.0,2
2,定殖,9,9.0,5,6,1,12.0,1
2,宿主,4,4.0,1,1,1,10.0,2
2,寡糖,5,5.0,5,7,1,14.0,1
2,實驗,5,5.0,1,1,1,10.0,2
2,寶寶,11,11.0,1,1,1,10.0,2
2,專利,8,8.0,6,8,1,13.333333333333332,1
2,屎腸球菌,6,6.0,1,1,1,10.0,2
2,屏障,5,5.0,2,2,1,10.0,2
2,市售,8,8.0,2,2,1,10.0,1
2,市面上,7,7.0,1,1,1,10.0,2
2,幫助,16,8.0,5,7,2,14.0,1
2,延伸,7,7.0,1,1,1,10.0,2
2,影片,17,17.0,1,1,1,10.0,2
2,微生物,32,32.0,7,9,1,12.857142857142858,1
2,抗生素,8,8.0,5,5,1,10.0,1
2,指出,7,7.0,2,2,1,10.0,2
2,挑選,15,7.5,5,6,2,12.0,1
2,攝取,5,5.0,5,5,1,10.0,2
2,改變,6,6.0,1,1,1,10.0,2
2,早安,5,5.0,1,1,1,10.0,2
2,更多,20,20.0,1,1,1,10.0,2
2,服用,26,13.0,4,5,2,12.5,1
2,服部,6,6.0,1,1,1,10.0,2
2,比菲德氏菌,8,8.0,4,4,1,10.0,1
2,比較,11,11.0,3,3,1,10.0,1
2,消化,13,13.0,1,1,1,10.0,2
2,消化系,10,10.0,1,1,1,10.0,2
2,消除,7,7.0,1,1,1,10.0,2
2,減緩,4,4.0,1,1,1,10.0,2
2,減肥,7,7.0,2,2,1,10.0,1
2,熱門,11,11.0,1,1,1,10.0,2
2,營養師,8,8.0,2,3,1,15.0,1
2,營養素,9,9.0,1,1,1,10.0,2
2,球菌,14,14.0,6,6,1,10.0,1
2,環境,7,7.0,3,3,1,10.0,2
2,產品,15,15.0,8,12,1,15.0,1
2,產生,10,10.0,2,3,1,15.0,2
2,疾病,11,11.0,4,4,1,10.0,2
2,症狀,4,4.0,3,3,1,10.0,2
2,痠痛,5,5.0,1,1,1,10.0,2
2,瘦身,7,7.0,1,1,1,10.0,2
2,發炎,4,4.0,2,2,1,10.0,2
2,發現,9,9.0,3,3,1,10.0,2
2,益生菌,136,136.0,4,6,1,15.0,1
2,益生菌推薦,4,4.0,3,7,1,23.333333333333336,1
2,益生質,17,17.0,7,10,1,14.285714285714286,1
2,益菌,5,5.0,4,5,1,12.5,1
2,研究,23,23.0,3,3,1,10.0,1
2,碧安朵,4,4.0,1,1,1,10.0,2
2,科學,6,6.0,2,2,1,10.0,2
2,秘訣,5,5.0,1,1,1,10.0,2
2,精選,10,10.0,1,1,1,10.0,2
2,糞腸球菌,5,5.0,2,2,1,10.0,2
2,細菌,31,10.333333333333334,6,10,3,16.666666666666668,1
2,維基百科,5,5.0,1,1,1,10.0,2
2,維持,5,5.0,4,4,1,10.0,2
2,網址,5,5.0,1,1,1,10.0,2
2,編號,8,8.0,3,4,1,13.333333333333332,1
2,腸胃,6,6.0,2,2,1,10.0,1
2,腸胃道,5,5.0,4,4,1,10.0,1
2,腸道,73,18.25,10,33,4,33.0,1
2,腹瀉,4,4.0,7,8,1,11.428571428571427,1
2,菌數,21,10.5,6,13,2,21.666666666666664,1
2,菌株,59,19.666666666666668,9,20,3,22.22222222222222,1
2,菌種,42,14.0,9,26,3,28.88888888888889,1
2,藥性,4,4.0,1,1,1,10.0,2
2,補充,16,8.0,6,9,2,15.0,1
2,調節,7,7.0,5,6,1,12.0,2
2,論述,4,4.0,1,1,1,10.0,2
2,證實,11,5.5,1,2,2,20.0,2
2,身體,10,10.0,2,2,1,10.0,2
2,農純,5,5.0,1,1,1,10.0,2
2,運動,23,23.0,1,1,1,10.0,2
2,過敏,6,6.0,4,4,1,10.0,1
2,過程,6,6.0,1,1,1,10.0,2
2,適合,7,7.0,4,4,1,10.0,2
2,選擇,24,24.0,2,2,1,10.0,1
2,醫學,6,6.0,2,2,1,10.0,1
2,醫師,51,51.0,2,2,1,10.0,1
2,針對,15,15.0,1,1,1,10.0,2
2,錢政弘,4,4.0,1,1,1,10.0,2
2,陰道,4,4.0,2,2,1,10.0,2
2,雙歧桿菌,7,7.0,1,1,1,10.0,2
2,預防,6,6.0,3,4,1,13.333333333333332,2
2,食材,9,9.0,1,1,1,10.0,2
2,飲食,25,25.0,3,3,1,10.0,1
2,養生,8,8.0,1,1,1,10.0,2
2,體內,5,5.0,4,4,1,10.0,1
2,體質,7,7.0,6,10,1,16.666666666666668,1
2,鼠李糖乳桿菌,5,5.0,3,3,1,10.0,1
3,DL,6,6.0,1,1,1,10.0,3
3,EPS,5,5.0,1,1,1,10.0,3
3,Epub,4,4.0,1,1,1,10.0,3
3,LGG,19,6.333333333333333,3,6,3,20.0,1
3,LP,28,28.0,2,2,1,10.0,1
3,LP33,5,5.0,2,2,1,10.0,1
3,Lactobacillus,25,12.5,7,13,2,18.571428571428573,1
3,NG,17,8.5,1,2,2,20.0,3
3,Saccharomyces,6,6.0,1,1,1,10.0,3
3,TMA,5,5.0,1,1,1,10.0,3
3,acidophilus,4,4.0,2,2,1,10.0,2
3,boulardii,7,7.0,1,1,1,10.0,3
3,ethylphenylsulfate,5,5.0,1,1,1,10.0,3
3,fragilis,6,6.0,1,1,1,10.0,3
3,gut,7,7.0,2,2,1,10.0,2
3,microbiome,4,4.0,1,1,1,10.0,3
3,plantarum,4,4.0,2,2,1,10.0,1
3,prebiotics,7,7.0,1,1,1,10.0,3
3,probiotics,9,9.0,1,1,1,10.0,3
3,rhamnosus,5,5.0,3,3,1,10.0,1
3,乳桿菌,10,10.0,2,2,1,10.0,2
3,乳糖,8,8.0,2,2,1,10.0,3
3,乳糖不耐,5,5.0,1,1,1,10.0,3
3,乳酸桿菌,7,7.0,4,4,1,10.0,3
3,乳酸菌,27,13.5,9,11,2,12.222222222222223,1
3,乳鐵蛋白,6,6.0,1,1,1,10.0,3
3,二氧化矽,15,15.0,1,1,1,10.0,3
3,二氧化鈦,8,8.0,1,1,1,10.0,3
3,人類,11,11.0,2,2,1,10.0,2
3,代謝物,6,6.0,1,1,1,10.0,3
3,使用,74,74.0,1,1,1,10.0,3
3,來源,5,5.0,3,4,1,13.333333333333332,2
3,促進,13,13.0,2,2,1,10.0,3
3,偽膜性大腸炎,4,4.0,1,1,1,10.0,3
3,優格,31,31.0,4,4,1,10.0,3
3,免疫,19,19.0,1,1,1,10.0,3
3,全美,4,4.0,1,1,1,10.0,3
3,共伴,4,4.0,1,1,1,10.0,3
3,共生,6,6.0,1,1,1,10.0,3
3,出生,11,11.0,1,1,1,10.0,3
3,副乾酪乳桿菌,4,4.0,4,5,1,12.5,1
3,動物實驗,7,7.0,1,1,1,10.0,3
3,包鋁袋,17,17.0,1,1,1,10.0,3
3,可溶性,5,5.0,2,2,1,10.0,2
3,吃法,17,8.5,2,3,2,15.0,3
3,吃益生菌,14,14.0,5,9,1,18.0,1
3,嗜熱鏈球菌,4,4.0,2,2,1,10.0,3
3,壞死性腸炎,6,6.0,1,1,1,10.0,3
3,壞菌,7,7.0,4,4,1,10.0,1
3,多重,8,8.0,1,1,1,10.0,3
3,大廠,4,4.0,2,2,1,10.0,3
3,好菌,17,8.5,7,12,2,17.142857142857142,1
3,定時,4,4.0,1,1,1,10.0,3
3,寡糖,26,13.0,5,7,2,14.0,1
3,專利,10,10.0,6,8,1,13.333333333333332,1
3,工廠,43,43.0,1,1,1,10.0,3
3,建議,8,8.0,4,5,1,12.5,1
3,影響,14,14.0,2,2,1,10.0,3
3,微生物,39,39.0,7,9,1,12.857142857142858,1
3,感染,9,9.0,2,2,1,10.0,3
3,憂鬱,6,6.0,1,1,1,10.0,3
3,抗過敏,15,15.0,1,1,1,10.0,3
3,抗體,6,6.0,1,1,1,10.0,3
3,挑選,5,5.0,5,6,1,12.0,1
3,攝取,4,4.0,5,5,1,10.0,2
3,文獻,8,8.0,2,2,1,10.0,3
3,早產兒,11,11.0,1,1,1,10.0,3
3,景岳生技,10,10.0,1,1,1,10.0,3
3,木寡糖,9,9.0,1,1,1,10.0,3
3,果汁,16,16.0,1,1,1,10.0,3
3,果酸,16,16.0,1,1,1,10.0,3
3,查核點,4,4.0,1,1,1,10.0,3
3,植物乳桿菌,10,10.0,2,2,1,10.0,1
3,檸檬酸,26,26.0,1,1,1,10.0,3
3,死菌,4,4.0,1,1,1,10.0,3
3,母奶,23,23.0,1,1,1,10.0,3
3,每日,103,103.0,1,1,1,10.0,3
3,水溶性,4,4.0,1,1,1,10.0,3
3,治療,24,12.0,2,3,2,15.0,3
3,活菌,9,9.0,4,4,1,10.0,3
3,消化道,4,4.0,3,3,1,10.0,1
3,添加物,17,17.0,3,3,1,10.0,1
3,減少,8,8.0,3,3,1,10.0,1
3,滋養,10,10.0,1,1,1,10.0,3
3,球菌,22,22.0,6,6,1,10.0,1
3,環境,14,14.0,3,3,1,10.0,2
3,甜味,10,10.0,1,1,1,10.0,3
3,生態,5,5.0,1,1,1,10.0,3
3,生技,16,16.0,1,1,1,10.0,3
3,生長素,4,4.0,1,1,1,10.0,3
3,產前,7,7.0,1,1,1,10.0,3
3,產品,19,19.0,8,12,1,15.0,1
3,產道,6,6.0,1,1,1,10.0,3
3,異常,15,15.0,2,2,1,10.0,3
3,異麥芽寡糖,9,9.0,1,1,1,10.0,3
3,疑慮,5,5.0,1,1,1,10.0,3
3,疾病,17,17.0,4,4,1,10.0,2
3,癌症,9,9.0,1,1,1,10.0,3
3,發炎,12,12.0,2,2,1,10.0,2
3,發炎性腸疾病,6,6.0,1,1,1,10.0,3
3,發現,13,13.0,3,3,1,10.0,2
3,發育,21,21.0,1,1,1,10.0,3
3,益菌,24,12.0,4,5,2,12.5,1
3,直銷,6,6.0,1,1,1,10.0,3
3,硬脂酸鎂,16,16.0,1,1,1,10.0,3
3,神經,9,9.0,1,1,1,10.0,3
3,移植,8,8.0,1,1,1,10.0,3
3,粉末,5,5.0,1,1,1,10.0,3
3,粉狀,4,4.0,2,2,1,10.0,3
3,粒膠,5,5.0,1,1,1,10.0,3
3,精準,10,10.0,2,2,1,10.0,3
3,糞腸球菌,4,4.0,2,2,1,10.0,2
3,細胞,10,10.0,3,3,1,10.0,3
3,細菌,21,10.5,6,10,2,16.666666666666668,1
3,綜合,38,38.0,1,1,1,10.0,3
3,維生素,13,13.0,1,1,1,10.0,3
3,耐酸,4,4.0,2,2,1,10.0,1
3,肥胖,17,17.0,1,1,1,10.0,3
3,胃酸,7,7.0,6,8,1,13.333333333333332,1
3,胡蘿蔔,7,7.0,1,1,1,10.0,3
3,胰島素,5,5.0,2,2,1,10.0,3
3,腸炎,4,4.0,1,1,1,10.0,3
3,腸胃道,4,4.0,4,4,1,10.0,1
3,腸道,106,26.5,10,33,4,33.0,1
3,腹瀉,24,12.0,7,8,2,11.428571428571427,1
3,膠囊,7,7.0,1,1,1,10.0,3
3,膳食纖維,4,4.0,5,5,1,10.0,1
3,臨床,5,5.0,1,1,1,10.0,3
3,自閉症,7,7.0,1,1,1,10.0,3
3,自體,7,7.0,1,1,1,10.0,3
3,芽孢,6,6.0,2,2,1,10.0,3
3,菊糖,4,4.0,1,1,1,10.0,3
3,菊苣纖維,9,9.0,1,1,1,10.0,3
3,菌叢,21,10.5,3,6,2,20.0,1
3,菌數,21,10.5,6,13,2,21.666666666666664,1
3,菌株,20,10.0,9,20,2,22.22222222222222,1
3,菌種,31,7.75,9,26,4,28.88888888888889,1
3,菌粉,25,25.0,2,2,1,10.0,3
3,萃取,22,22.0,1,1,1,10.0,3
3,蔗糖,11,11.0,1,1,1,10.0,3
3,補充,23,23.0,6,9,1,15.0,1
3,調節,10,10.0,5,6,1,12.0,2
3,證據,12,12.0,2,2,1,10.0,3
3,造粒,5,5.0,1,1,1,10.0,3
3,過敏性鼻炎,4,4.0,3,3,1,10.0,1
3,過敏病,5,5.0,1,1,1,10.0,3
3,酪酸,7,7.0,1,1,1,10.0,3
3,酵素,23,23.0,4,4,1,10.0,3
3,重組,5,5.0,1,1,1,10.0,3
3,錠劑,5,5.0,1,1,1,10.0,3
3,防治,16,16.0,1,1,1,10.0,3
3,阻抗,4,4.0,1,1,1,10.0,3
3,陰道,5,5.0,2,2,1,10.0,2
3,陽明,5,5.0,1,1,1,10.0,3
3,陽明生,4,4.0,1,1,1,10.0,3
3,預防,13,13.0,3,4,1,13.333333333333332,2
3,顯然,6,6.0,1,1,1,10.0,3
3,顯著,5,5.0,2,2,1,10.0,3
3,香料,44,44.0,1,1,1,10.0,3
3,香料粉,6,6.0,1,1,1,10.0,3
3,體內,7,7.0,4,4,1,10.0,1
3,體質,4,4.0,6,10,1,16.666666666666668,1
3,鳳梨,7,7.0,1,1,1,10.0,3
3,黃色,8,8.0,1,1,1,10.0,3
3,鼠李糖乳桿菌,20,20.0,3,3,1,10.0,1
3,龍根菌,21,21.0,2,2,1,10.0,1
4,Lactobacillus,4,4.0,7,13,1,18.571428571428573,1
4,TKLAB,4,4.0,1,1,1,10.0,4
4,pH,5,5.0,2,2,1,10.0,4
4,乳酸菌,13,13.0,9,11,1,12.222222222222223,1
4,優格,5,5.0,4,4,1,10.0,3
4,冷藏,6,6.0,1,1,1,10.0,4
4,包順順,4,4.0,1,1,1,10.0,4
4,吃益生菌,9,9.0,5,9,1,18.0,1
4,幫手,4,4.0,1,1,1,10.0,4
4,建議,7,7.0,4,5,1,12.5,1
4,攝取,4,4.0,5,5,1,10.0,2
4,服用,6,6.0,4,5,1,12.5,1
4,消化道,6,6.0,3,3,1,10.0,1
4,狀況,4,4.0,2,2,1,10.0,1
4,環境,5,5.0,3,3,1,10.0,2
4,生長,5,5.0,2,2,1,10.0,4
4,益生質,7,7.0,7,10,1,14.285714285714286,1
4,維持,4,4.0,4,4,1,10.0,2
4,肉食,4,4.0,1,1,1,10.0,4
4,胃酸,5,5.0,6,8,1,13.333333333333332,1
4,腸道,11,11.0,10,33,1,33.0,1
4,芽孢乳酸菌,7,7.0,1,1,1,10.0,4
4,菌種,12,6.0,9,26,2,28.88888888888889,1
4,適合,6,6.0,4,4,1,10.0,2
4,酵素,11,11.0,4,4,1,10.0,3
4,順順,6,6.0,1,1,1,10.0,4
4,體質,4,4.0,6,10,1,16.666666666666668,1
5,BioMedi,6,6.0,1,1,1,10.0,5
5,CHOVERYG,6,6.0,1,1,1,10.0,5
5,COSME,4,4.0,1,1,1,10.0,5
5,LP28,4,4.0,2,2,1,10.0,1
5,Lactobacillus,12,12.0,7,13,1,18.571428571428573,1
5,Probiotics,5,5.0,2,2,1,10.0,1
5,Th2,4,4.0,1,1,1,10.0,5
5,paracasei,5,5.0,2,2,1,10.0,1
5,plus,8,8.0,1,1,1,10.0,5
5,乳酸桿菌,4,4.0,4,4,1,10.0,3
5,乳酸菌,17,8.5,9,11,2,12.222222222222223,1
5,人體,20,10.0,6,7,2,11.666666666666668,1
5,保濕,6,6.0,1,1,1,10.0,5
5,免疫力,6,6.0,1,1,1,10.0,5
5,副乾酪乳桿菌,4,4.0,4,5,1,12.5,1
5,副作用,9,9.0,2,2,1,10.0,5
5,功效,68,68.0,2,3,1,15.0,1
5,取決,4,4.0,1,1,1,10.0,5
5,吃法,7,7.0,2,3,1,15.0,3
5,嗜酸乳桿菌,4,4.0,4,4,1,10.0,1
5,壞菌,5,5.0,4,4,1,10.0,1
5,好菌,4,4.0,7,12,1,17.142857142857142,1
5,定殖,9,9.0,5,6,1,12.0,1
5,專利,16,16.0,6,8,1,13.333333333333332,1
5,專屬,4,4.0,1,1,1,10.0,5
5,屈臣氏,6,6.0,1,1,1,10.0,5
5,幫助,8,8.0,5,7,1,14.0,1
5,康健,4,4.0,1,1,1,10.0,5
5,建議,8,8.0,4,5,1,12.5,1
5,弱酸性,4,4.0,1,1,1,10.0,5
5,影響,6,6.0,2,2,1,10.0,3
5,微生物,4,4.0,7,9,1,12.857142857142858,1
5,心法,16,16.0,1,1,1,10.0,5
5,指數,6,6.0,1,1,1,10.0,5
5,挑選,33,33.0,5,6,1,12.0,1
5,排便,4,4.0,1,1,1,10.0,5
5,排序,5,5.0,1,1,1,10.0,5
5,推薦,57,57.0,2,3,1,15.0,1
5,攝取,15,15.0,5,5,1,10.0,2
5,效益,5,5.0,1,1,1,10.0,5
5,族群,11,11.0,2,3,1,15.0,1
5,正面,5,5.0,1,1,1,10.0,5
5,比較,14,14.0,3,3,1,10.0,1
5,活菌,5,5.0,4,4,1,10.0,3
5,添加物,4,4.0,3,3,1,10.0,1
5,狀態,8,8.0,1,1,1,10.0,5
5,球菌,5,5.0,6,6,1,10.0,1
5,產品,14,14.0,8,12,1,15.0,1
5,留意,8,8.0,2,2,1,10.0,1
5,疾病,12,12.0,4,4,1,10.0,2
5,症狀,12,12.0,3,3,1,10.0,2
5,發酵,5,5.0,4,5,1,12.5,1
5,皮膚,10,10.0,1,1,1,10.0,5
5,益生菌,151,75.5,4,6,2,15.0,1
5,益生菌推薦,13,6.5,3,7,2,23.333333333333336,1
5,益生質,6,6.0,7,10,1,14.285714285714286,1
5,粉狀,5,5.0,2,2,1,10.0,3
5,細胞,11,11.0,3,3,1,10.0,3
5,細菌,15,7.5,6,10,2,16.666666666666668,1
5,統整,4,4.0,1,1,1,10.0,5
5,維持,4,4.0,4,4,1,10.0,2
5,維持消化道機能,5,5.0,2,2,1,10.0,1
5,編號,15,7.5,3,4,2,13.333333333333332,1
5,缺乏,15,15.0,1,1,1,10.0,5
5,肌膚,10,10.0,1,1,1,10.0,5
5,肝臟,4,4.0,1,1,1,10.0,5
5,肥皂,6,6.0,1,1,1,10.0,5
5,腸胃健康,4,4.0,1,1,1,10.0,5
5,腸胃道,9,9.0,4,4,1,10.0,1
5,腸道,45,9.0,10,33,5,33.0,1
5,腹瀉,4,4.0,7,8,1,11.428571428571427,1
5,膳食纖維,7,7.0,5,5,1,10.0,1
5,菌數,25,12.5,6,13,2,21.666666666666664,1
5,菌株,37,18.5,9,20,2,22.22222222222222,1
5,菌種,35,17.5,9,26,2,28.88888888888889,1
5,菌粉,5,5.0,2,2,1,10.0,3
5,表面,6,6.0,1,1,1,10.0,5
5,補充,24,8.0,6,9,3,15.0,1
5,足量,8,8.0,1,1,1,10.0,5
5,過量,4,4.0,1,1,1,10.0,5
5,適合,10,10.0,4,4,1,10.0,2
5,適度,4,4.0,1,1,1,10.0,5
5,酵素,10,10.0,4,4,1,10.0,3
5,飲食,5,5.0,3,3,1,10.0,1
5,體質,11,5.5,6,10,2,16.666666666666668,1
5,鼠李糖乳酸桿菌,4,4.0,1,1,1,10.0,5
6,乳酸菌,22,22.0,9,11,1,12.222222222222223,1
6,人體,6,6.0,6,7,1,11.666666666666668,1
6,優酪乳,14,14.0,3,4,1,13.333333333333332,1
6,活菌,9,9.0,4,4,1,10.0,3
6,空腹,6,6.0,1,1,1,10.0,6
6,胃酸,9,9.0,6,8,1,13.333333333333332,1
6,腸道,7,7.0,10,33,1,33.0,1
6,膽鹽,4,4.0,2,2,1,10.0,1
6,菌株,8,8.0,9,20,1,22.22222222222222,1
6,菌種,8,8.0,9,26,1,28.88888888888889,1
7,ADHD,4,4.0,1,1,1,10.0,7
7,Asperger,5,5.0,1,1,1,10.0,7
7,Lactobacillus,8,4.0,7,13,2,18.571428571428573,1
7,Meta,5,5.0,1,1,1,10.0,7
7,Oliver,9,9.0,1,1,1,10.0,7
7,analysis,10,10.0,1,1,1,10.0,7
7,iHerb,5,5.0,1,1,1,10.0,7
7,meta,9,9.0,1,1,1,10.0,7
7,syndrome,4,4.0,1,1,1,10.0,7
7,上呼吸道,4,4.0,1,1,1,10.0,7
7,乳酸菌,9,9.0,9,11,1,12.222222222222223,1
7,估計,5,5.0,1,1,1,10.0,7
7,便祕,5,5.0,2,2,1,10.0,1
7,保健食品,18,18.0,1,1,1,10.0,7
7,優格,4,4.0,4,4,1,10.0,3
7,分析,16,16.0,1,1,1,10.0,7
7,副作用,8,8.0,2,2,1,10.0,5
7,劑量,4,4.0,2,2,1,10.0,1
7,包膜,4,4.0,2,2,1,10.0,7
7,參與者,11,11.0,1,1,1,10.0,7
7,反應,8,8.0,2,2,1,10.0,7
7,受限,4,4.0,1,1,1,10.0,7
7,口服,8,8.0,1,1,1,10.0,7
7,回顧,10,10.0,1,1,1,10.0,7
7,壓力,8,8.0,2,2,1,10.0,2
7,大腸癌,5,5.0,1,1,1,10.0,7
7,天然優格粉,4,4.0,2,2,1,10.0,7
7,好菌,7,7.0,7,12,1,17.142857142857142,1
7,安慰,5,5.0,1,1,1,10.0,7
7,定殖,8,4.0,5,6,2,12.0,1
7,寡糖,11,11.0,5,7,1,14.0,1
7,實證,5,5.0,2,2,1,10.0,1
7,專利,10,10.0,6,8,1,13.333333333333332,1
7,對照,12,12.0,1,1,1,10.0,7
7,屏障,6,6.0,2,2,1,10.0,2
7,幫助,8,8.0,5,7,1,14.0,1
7,引發,7,7.0,1,1,1,10.0,7
7,微生物,8,8.0,7,9,1,12.857142857142858,1
7,急性,12,12.0,1,1,1,10.0,7
7,感染,19,19.0,2,2,1,10.0,3
7,成份,7,7.0,1,1,1,10.0,7
7,手術,10,10.0,1,1,1,10.0,7
7,抗生素,7,7.0,5,5,1,10.0,1
7,持續,6,6.0,1,1,1,10.0,7
7,指出,19,19.0,2,2,1,10.0,2
7,改善,16,16.0,2,2,1,10.0,7
7,文獻,15,15.0,2,2,1,10.0,3
7,新知,7,7.0,1,1,1,10.0,7
7,最多,9,9.0,1,1,1,10.0,7
7,有助,12,12.0,2,2,1,10.0,1
7,有待,5,5.0,1,1,1,10.0,7
7,有益,27,27.0,2,2,1,10.0,1
7,果糖,4,4.0,2,2,1,10.0,7
7,根除,5,5.0,1,1,1,10.0,7
7,機制,5,5.0,1,1,1,10.0,7
7,治療,21,21.0,2,3,1,15.0,3
7,泌尿道,4,4.0,1,1,1,10.0,7
7,激躁,5,5.0,1,1,1,10.0,7
7,焦慮,5,5.0,2,2,1,10.0,7
7,熱縮膜,6,6.0,2,2,1,10.0,7
7,牙周炎,5,5.0,1,1,1,10.0,7
7,牙齦,5,5.0,1,1,1,10.0,7
7,球菌,9,9.0,6,6,1,10.0,1
7,產品,15,15.0,8,12,1,15.0,1
7,異位,5,5.0,1,1,1,10.0,7
7,異常,5,5.0,2,2,1,10.0,3
7,疾病,19,19.0,4,4,1,10.0,2
7,症狀,10,10.0,3,3,1,10.0,2
7,療法,6,6.0,1,1,1,10.0,7
7,益生菌,102,102.0,4,6,1,15.0,1
7,益生質,4,4.0,7,10,1,14.285714285714286,1
7,相較,4,4.0,1,1,1,10.0,7
7,研究,23,23.0,3,3,1,10.0,1
7,確認,9,9.0,1,1,1,10.0,7
7,系統性,6,6.0,1,1,1,10.0,7
7,結論,11,11.0,1,1,1,10.0,7
7,統合,14,14.0,1,1,1,10.0,7
7,胰島素,5,5.0,2,2,1,10.0,3
7,腸道,43,14.333333333333334,10,33,3,33.0,1
7,腹瀉,8,8.0,7,8,1,11.428571428571427,1
7,膳食纖維,9,9.0,5,5,1,10.0,1
7,膽固醇,13,13.0,2,2,1,10.0,7
7,菌數,15,5.0,6,13,3,21.666666666666664,1
7,菌株,17,8.5,9,20,2,22.22222222222222,1
7,菌種,24,8.0,9,26,3,28.88888888888889,1
7,血壓,7,7.0,1,1,1,10.0,7
7,試驗,11,11.0,1,1,1,10.0,7
7,調節,7,7.0,5,6,1,12.0,2
7,證據,4,4.0,2,2,1,10.0,3
7,過敏性鼻炎,5,5.0,3,3,1,10.0,1
7,降低,17,17.0,2,2,1,10.0,7
7,陰道感染,6,6.0,1,1,1,10.0,7
7,隨機,9,9.0,1,1,1,10.0,7
7,顯著,4,4.0,2,2,1,10.0,3
7,風味,4,4.0,1,1,1,10.0,7
7,體質,7,7.0,6,10,1,16.666666666666668,1
8,乳酸桿菌,4,4.0,4,4,1,10.0,3
8,人體,9,9.0,6,7,1,11.666666666666668,1
8,來源,15,15.0,3,4,1,13.333333333333332,2
8,免疫系統,5,5.0,1,1,1,10.0,8
8,功能性,5,5.0,1,1,1,10.0,8
8,國際,7,7.0,1,1,1,10.0,8
8,大廠,5,5.0,2,2,1,10.0,3
8,市場,13,13.0,1,1,1,10.0,8
8,微生物,27,13.5,7,9,2,12.857142857142858,1
8,成為,5,5.0,1,1,1,10.0,8
8,投資,4,4.0,1,1,1,10.0,8
8,抗生素,6,6.0,5,5,1,10.0,1
8,旗下,6,6.0,1,1,1,10.0,8
8,服用,19,19.0,4,5,1,12.5,1
8,比菲德氏菌,5,5.0,4,4,1,10.0,1
8,消費者,8,8.0,1,1,1,10.0,8
8,特定,5,5.0,1,1,1,10.0,8
8,產品,18,18.0,8,12,1,15.0,1
8,發酵,11,5.5,4,5,2,12.5,1
8,益生質,6,6.0,7,10,1,14.285714285714286,1
8,細菌,7,7.0,6,10,1,16.666666666666668,1
8,組計,4,4.0,1,1,1,10.0,8
8,腸道,25,12.5,10,33,2,33.0,1
8,腹瀉,4,4.0,7,8,1,11.428571428571427,1
8,菌株,7,7.0,9,20,1,22.22222222222222,1
8,補充,9,9.0,6,9,1,15.0,1
8,趨勢,8,8.0,1,1,1,10.0,8
8,開發,5,5.0,1,1,1,10.0,8
8,顯示,7,7.0,1,1,1,10.0,8
8,飲料,16,16.0,1,1,1,10.0,8
9,乳酸菌,9,9.0,9,11,1,12.222222222222223,1
9,優格,4,4.0,4,4,1,10.0,3
9,包膜,4,4.0,2,2,1,10.0,7
9,天然優格粉,4,4.0,2,2,1,10.0,7
9,好菌,6,6.0,7,12,1,17.142857142857142,1
9,定殖,4,4.0,5,6,1,12.0,1
9,寡糖,11,11.0,5,7,1,14.0,1
9,專利,4,4.0,6,8,1,13.333333333333332,1
9,強調,6,6.0,1,1,1,10.0,9
9,技術,5,5.0,2,2,1,10.0,1
9,抵達,4,4.0,1,1,1,10.0,9
9,果糖,4,4.0,2,2,1,10.0,7
9,熱縮膜,6,6.0,2,2,1,10.0,7
9,球菌,9,9.0,6,6,1,10.0,1
9,產品,13,13.0,8,12,1,15.0,1
9,胃酸,12,12.0,6,8,1,13.333333333333332,1
9,腸道,26,13.0,10,33,2,33.0,1
9,膳食纖維,6,6.0,5,5,1,10.0,1
9,菌數,11,5.5,6,13,2,21.666666666666664,1
9,菌株,18,6.0,9,20,3,22.22222222222222,1
9,菌種,23,11.5,9,26,2,28.88888888888889,1
9,調節,4,4.0,5,6,1,12.0,2
9,過敏,5,5.0,4,4,1,10.0,1
10,CP2305,10,10.0,1,1,1,10.0,10
10,FIT,10,10.0,1,1,1,10.0,10
10,LACTO,10,10.0,1,1,1,10.0,10
10,Lactobacillus,12,6.0,7,13,2,18.571428571428573,1
10,MONSTER,7,7.0,1,1,1,10.0,10
10,PCR,4,4.0,1,1,1,10.0,10
10,gasseri,6,6.0,1,1,1,10.0,10
10,pH,5,5.0,2,2,1,10.0,4
10,不適,6,6.0,2,2,1,10.0,1
10,乳糖,7,7.0,2,2,1,10.0,3
10,乳酸桿菌,7,7.0,4,4,1,10.0,3
10,乳酸菌,16,16.0,9,11,1,12.222222222222223,1
10,人體,8,8.0,6,7,1,11.666666666666668,1
10,促進,6,6.0,2,2,1,10.0,3
10,凝結,6,6.0,1,1,1,10.0,10
10,分泌,6,6.0,1,1,1,10.0,10
10,分解,5,5.0,1,1,1,10.0,10
10,包覆,5,5.0,1,1,1,10.0,10
10,反應,5,5.0,2,2,1,10.0,7
10,吃益生菌,5,5.0,5,9,1,18.0,1
10,嗜熱鏈球菌,4,4.0,2,2,1,10.0,3
10,嗜酸乳桿菌,4,4.0,4,4,1,10.0,1
10,團隊,4,4.0,1,1,1,10.0,10
10,基金,5,5.0,1,1,1,10.0,10
10,壞菌,4,4.0,4,4,1,10.0,1
10,大腸,4,4.0,1,1,1,10.0,10
10,好菌,10,10.0,7,12,1,17.142857142857142,1
10,專家,8,8.0,1,1,1,10.0,10
10,專訪,8,8.0,1,1,1,10.0,10
10,小腸,8,8.0,1,1,1,10.0,10
10,幫助,8,8.0,5,7,1,14.0,1
10,微生物,13,6.5,7,9,2,12.857142857142858,1
10,抑制,15,15.0,1,1,1,10.0,10
10,抗生素,5,5.0,5,5,1,10.0,1
10,挑選,6,6.0,5,6,1,12.0,1
10,攝取,4,4.0,5,5,1,10.0,2
10,改善,13,13.0,2,2,1,10.0,7
10,救濟,5,5.0,1,1,1,10.0,10
10,桿菌,11,5.5,1,2,2,20.0,10
10,次世代定序平台,4,4.0,1,1,1,10.0,10
10,比菲德氏菌,4,4.0,4,4,1,10.0,1
10,民眾,4,4.0,2,2,1,10.0,1
10,活性,7,7.0,1,1,1,10.0,10
10,活菌,6,6.0,4,4,1,10.0,3
10,減少,7,7.0,3,3,1,10.0,1
10,濟州島,7,7.0,1,1,1,10.0,10
10,焦慮,4,4.0,2,2,1,10.0,7
10,物質,6,6.0,1,1,1,10.0,10
10,生長,10,10.0,2,2,1,10.0,4
10,產品,18,9.0,8,12,2,15.0,1
10,產生,16,8.0,2,3,2,15.0,2
10,病原菌,9,4.5,1,2,2,20.0,10
10,發現,10,10.0,3,3,1,10.0,2
10,發酵,8,8.0,4,5,1,12.5,1
10,益生質,10,5.0,7,10,2,14.285714285714286,1
10,益菌,5,5.0,4,5,1,12.5,1
10,科學,4,4.0,2,2,1,10.0,2
10,篩選,4,4.0,1,1,1,10.0,10
10,精準,7,7.0,2,2,1,10.0,3
10,細胞,7,7.0,3,3,1,10.0,3
10,細菌,6,6.0,6,10,1,16.666666666666668,1
10,維持,9,9.0,4,4,1,10.0,2
10,胃酸,10,5.0,6,8,2,13.333333333333332,1
10,腸道,121,20.166666666666668,10,33,6,33.0,1
10,腹瀉,6,6.0,7,8,1,11.428571428571427,1
10,膽固醇,5,5.0,2,2,1,10.0,7
10,膽汁,5,5.0,1,1,1,10.0,10
10,芽孢,6,6.0,2,2,1,10.0,3
10,菌叢,20,6.666666666666667,3,6,3,20.0,1
10,菌株,15,7.5,9,20,2,22.22222222222222,1
10,菌種,31,7.75,9,26,4,28.88888888888889,1
10,藥品,8,8.0,2,2,1,10.0,1
10,藥害,5,5.0,1,1,1,10.0,10
10,補充,5,5.0,6,9,1,15.0,1
10,調節,12,6.0,5,6,2,12.0,2
10,貓咪,5,5.0,1,1,1,10.0,10
10,身體,9,9.0,2,2,1,10.0,2
10,迷思,5,5.0,2,2,1,10.0,1
10,透過,6,6.0,1,1,1,10.0,10
10,過敏,4,4.0,4,4,1,10.0,1
10,適合,14,14.0,4,4,1,10.0,2
10,酵素,6,6.0,4,4,1,10.0,3
10,鍾根堂,9,9.0,1,1,1,10.0,10
10,降低,8,8.0,2,2,1,10.0,7
10,韓國,9,9.0,1,1,1,10.0,10
10,預防,15,7.5,3,4,2,13.333333333333332,2
10,體內,6,6.0,4,4,1,10.0,1
